Id,Area,Section,Subsection,Question,QuestionNumber
1,IT,Development,UI,What are the key principles of user interface (UI) design?,1
2,IT,Development,UI,How does accessibility impact UI design?,2
3,IT,Development,UI,Explain the importance of user testing in UI design.,3
4,IT,Development,UI,What role does color psychology play in UI design?,4
5,IT,Development,UI,How can UI design contribute to a positive user experience?,5
6,IT,Development,UI,Name some common UI design trends and their impact.,6
7,IT,Development,Backend,What are the advantages of using serverless architecture in backend development?,1
8,IT,Development,Backend,Explain the concept of database normalization in backend systems.,2
9,IT,Development,Backend,How does caching improve backend performance?,3
10,IT,Development,Backend,What security measures should be considered in backend development?,4
11,IT,Development,Backend,How can backend microservices communicate efficiently?,5
12,IT,Development,Backend,Name popular backend programming languages and their use cases.,6
13,IT,DevOps,Deployment,What are the key benefits of containerization in deployment?,1
14,IT,DevOps,Deployment,How can infrastructure automation enhance deployment processes?,2
15,IT,DevOps,Deployment,Explain the concept of blue-green deployment.,3
16,IT,DevOps,Deployment,What challenges can arise in continuous deployment practices?,4
17,IT,DevOps,Deployment,How does version control contribute to efficient deployment?,5
18,IT,DevOps,Deployment,Name tools for monitoring and logging in deployment pipelines.,6
19,IT,DevOps,Infrastructure as Code,Why is Infrastructure as Code (IaC) important in modern IT operations?,1
20,IT,DevOps,Infrastructure as Code,How can IaC enhance scalability and flexibility in infrastructure management?,2
21,IT,DevOps,Infrastructure as Code,Explain the role of configuration management in IaC.,3
22,IT,DevOps,Infrastructure as Code,What challenges can be addressed by adopting IaC practices?,4
23,IT,DevOps,Infrastructure as Code,Name popular IaC tools and their features.,5
24,IT,DevOps,Infrastructure as Code,How does version control apply to Infrastructure as Code?,6
25,Marketing,Campaigns,Social Media,How can data analytics be used to measure social media campaign success?,1
26,Marketing,Campaigns,Social Media,Explain the impact of engagement metrics in social media analytics.,2
27,Marketing,Campaigns,Social Media,How can influencer marketing contribute to social media campaigns?,3
28,Marketing,Campaigns,Social Media,What role do hashtags play in social media marketing?,4
29,Marketing,Campaigns,Social Media,How can A/B testing be applied in social media campaigns?,5
30,Marketing,Campaigns,Social Media,Name tools for social media management and analytics.,6
31,Marketing,Campaigns,Content,How does content marketing differ from traditional advertising?,1
32,Marketing,Campaigns,Content,What role does storytelling play in creating compelling content?,2
33,Marketing,Campaigns,Content,How can user-generated content enhance content marketing strategies?,3
34,Marketing,Campaigns,Content,Explain the concept of content calendars in marketing planning.,4
35,Marketing,Campaigns,Content,How does SEO contribute to the success of content marketing?,5
36,Marketing,Campaigns,Content,Name content marketing KPIs for measuring performance.,6
37,Marketing,Analytics,Data Analysis,How can businesses use predictive analytics in marketing strategies?,1
38,Marketing,Analytics,Data Analysis,Explain the impact of customer segmentation on data-driven marketing.,2
39,Marketing,Analytics,Data Analysis,How does sentiment analysis contribute to data-driven decision-making?,3
40,Marketing,Analytics,Data Analysis,Name common challenges in data quality for marketing analytics.,4
41,Marketing,Analytics,Data Analysis,How can machine learning algorithms be applied in marketing data analysis?,5
42,Marketing,Analytics,Data Analysis,What role does data visualization play in communicating marketing insights?,6
43,Marketing,Analytics,Market Segmentation,Explain the benefits of demographic segmentation in marketing.,1
44,Marketing,Analytics,Market Segmentation,How can psychographic factors be used for market segmentation?,2
45,Marketing,Analytics,Market Segmentation,What challenges can arise in cross-cultural market segmentation?,3
46,Marketing,Analytics,Market Segmentation,How does geographic segmentation impact marketing localization?,4
47,Marketing,Analytics,Market Segmentation,Name tools for effective market segmentation and targeting.,5
48,Marketing,Analytics,Market Segmentation,What role does customer behavior analysis play in market segmentation?,6
49,Finance,Investments,Portfolio Management,How does risk tolerance influence portfolio management decisions?,1
50,Finance,Investments,Portfolio Management,Explain the concept of alpha and beta in investment portfolio analysis.,2
51,Finance,Investments,Portfolio Management,How can macroeconomic factors impact portfolio diversification?,3
52,Finance,Investments,Portfolio Management,What is the role of a financial advisor in portfolio management?,4
53,Finance,Investments,Portfolio Management,How can ethical considerations be incorporated into portfolio management?,5
54,Finance,Investments,Portfolio Management,Name popular portfolio management software and tools.,6
55,Finance,Accounting,Financial Statements,What are the limitations of using financial ratios in analysis?,1
56,Finance,Accounting,Financial Statements,How do financial statements comply with accounting principles?,2
57,Finance,Accounting,Financial Statements,Explain the difference between cash flow and profit in financial statements.,3
58,Finance,Accounting,Financial Statements,How can financial statements be used for benchmarking against industry standards?,4
59,Finance,Accounting,Financial Statements,Name common financial statement analysis techniques.,5
60,Finance,Accounting,Financial Statements,What role does the balance sheet play in financial statement analysis?,6
61,HR,Recruitment,Talent Acquisition,What strategies can be employed for building a diverse talent pool?,1
62,HR,Recruitment,Talent Acquisition,How can employer branding influence talent acquisition success?,2
63,HR,Recruitment,Talent Acquisition,What role does social recruiting play in modern talent acquisition?,3
64,HR,Recruitment,Talent Acquisition,How can data analytics enhance the effectiveness of talent acquisition processes?,4
65,HR,Recruitment,Talent Acquisition,Name challenges in recruiting for specialized roles and how to address them.,5
66,HR,Recruitment,Talent Acquisition,What impact does a positive candidate experience have on talent acquisition?,6
67,HR,Employee Relations,Conflict Resolution,How can HR proactively prevent workplace conflicts?,1
68,HR,Employee Relations,Conflict Resolution,What are effective communication strategies for resolving workplace conflicts?,2
69,HR,Employee Relations,Conflict Resolution,Explain the role of mediation in workplace conflict resolution.,3
70,HR,Employee Relations,Conflict Resolution,How can HR foster a positive and inclusive workplace culture to prevent conflicts?,4
71,HR,Employee Relations,Conflict Resolution,Name legal considerations in handling workplace conflicts.,5
72,HR,Employee Relations,Conflict Resolution,What training programs can be implemented to address conflict resolution skills?,6
